{
  "name": "V-Shell",
  "uuid": "vertical-workspaces@G-dH.github.com",
  "description": "Customize your GNOME Shell UX to suit your workflow, whether you like horizontally or vertically stacked workspaces.",
  "shell-version": [
    "45",
    "46",
    "47",
    "48",
    "49"
  ],
  "session-modes": [
    "user",
    "unlock-dialog"
  ],
  "url": "https://github.com/G-dH/vertical-workspaces",
  "donations": {
    "buymeacoffee": "georgdh"
  },
  "gettext-domain": "vertical-workspaces",
  "settings-schema": "org.gnome.shell.extensions.vertical-workspaces",
  "version-name": "48.10"
}

